City,Cloudiness,Country,Date,Humidity,Lat,Lng,Max Temp,Wind Speed
Kot Kapūra,1,IN,1615717434,11,30.5833,74.9,93.79,6.93
Fortuna,100,US,1615717434,79,40.5982,-124.1573,46.0,1.01
Severo-Kuril'sk,30,RU,1615717434,86,50.6789,156.125,28.17,9.84
George Town,20,MY,1615717434,58,5.4112,100.3354,91.0,8.05
Lebu,0,CL,1615717435,81,-37.6167,-73.65,55.11,1.34
Punta Arenas,75,CL,1615717435,81,-53.15,-70.9167,39.2,4.61
Port-Gentil,100,GA,1615717436,72,-0.7193,8.7815,82.45,3.27
Cape Town,75,ZA,1615717436,68,-33.9258,18.4232,69.8,19.57
Narsaq,75,GL,1615717436,33,60.9167,-46.05,39.2,16.11
Busselton,0,AU,1615717436,44,-33.65,115.3333,73.99,1.01
Leningradskiy,100,RU,1615717437,92,69.3833,178.4167,14.61,12.55
Atuona,54,PF,1615717437,67,-9.8,-139.0333,78.85,8.84
Evensk,29,RU,1615717437,77,61.95,159.2333,-5.48,4.52
Curitibanos,63,BR,1615717437,96,-27.2828,-50.5844,62.65,2.26
Hanoi,20,VN,1615717372,57,21.0245,105.8412,78.8,11.5
Severnyy,75,RU,1615717438,93,50.677,36.5532,37.4,11.18
Hermanus,84,ZA,1615717438,78,-34.4187,19.2345,68.0,3.0
Cap-aux-Meules,100,CA,1615717438,80,47.3821,-61.8597,23.0,16.11
Dingle,78,PH,1615717438,88,10.9995,122.6711,78.48,2.13
Touros,20,BR,1615717439,83,-5.1989,-35.4608,77.0,4.61
Kapaa,90,US,1615717439,88,22.0752,-159.319,71.01,26.46
Ashington,38,GB,1615717439,3,50.9331,-0.3909,48.99,5.01
Montepuez,53,MZ,1615717439,88,-13.1256,38.9997,78.28,3.47
Druzhba,100,UA,1615717440,99,52.0428,33.9453,35.47,18.72
Rikitea,73,PF,1615717440,77,-23.1203,-134.9692,79.66,13.02
Agadez,51,NE,1615717440,11,19.75,10.25,84.67,14.47
Fort Walton Beach,1,US,1615717440,100,30.4058,-86.6188,64.99,3.11
Kavaratti,6,IN,1615717441,65,10.5669,72.642,83.93,4.76
Outlook,0,CA,1615717441,86,51.5001,-107.0513,33.8,10.36
Vestmanna,75,FO,1615717441,81,62.1564,-7.1664,42.8,13.8
Tuktoyaktuk,1,CA,1615717441,93,69.4541,-133.0374,-19.61,9.91
Barrow,1,US,1615717442,64,71.2906,-156.7887,-11.2,14.97
Ugoofaaru,23,MV,1615717442,76,5.6667,73.0,83.52,13.89
Albany,42,US,1615717442,50,42.6001,-73.9662,34.0,1.99
Lokosovo,13,RU,1615717442,85,61.1333,74.8167,22.37,11.77
Avarua,37,CK,1615717443,94,-21.2078,-159.775,75.2,5.75
Raja,100,SS,1615717443,11,8.4596,25.678,103.68,6.04
Los Llanos de Aridane,75,ES,1615717443,77,28.6585,-17.9182,64.4,9.22
Bermejo,40,AR,1615717443,88,-32.8833,-68.8,62.6,5.75
Yulara,40,AU,1615717443,35,-25.2406,130.9889,73.4,13.8
Ushuaia,0,AR,1615717444,81,-54.8,-68.3,37.4,6.91
Sambava,0,MG,1615717444,65,-14.2667,50.1667,86.13,12.66
Cidreira,8,BR,1615717444,92,-30.1811,-50.2056,70.47,3.58
Vaini,40,TO,1615717444,94,-21.2,-175.2,75.2,4.61
Coyhaique,0,CL,1615717445,85,-45.5752,-72.0662,45.86,1.5
Shaunavon,0,CA,1615717445,59,49.6501,-108.4181,30.2,11.5
Saint Paul Harbor,90,US,1615717445,59,57.79,-152.4072,26.6,3.38
New Norfolk,74,AU,1615717445,53,-42.7826,147.0587,57.99,5.99
Saskylakh,100,RU,1615717446,91,71.9167,114.0833,-17.75,8.97
Tasiilaq,90,GL,1615717446,63,65.6145,-37.6368,23.0,20.71
Pochutla,0,MX,1615717446,73,15.7432,-96.4661,75.0,2.35
Kruisfontein,100,ZA,1615717447,72,-34.0033,24.7314,75.0,4.0
Bredasdorp,95,ZA,1615717447,60,-34.5322,20.0403,71.6,9.22
Ancud,0,CL,1615717447,87,-41.8697,-73.8203,41.0,3.44
Necochea,0,AR,1615717448,98,-38.5473,-58.7368,57.0,1.99
Puerto Ayora,68,EC,1615717449,95,-0.7393,-90.3518,72.0,4.74
Mazatlán,75,MX,1615717449,76,23.2167,-106.4167,61.0,15.28
Jamestown,1,US,1615717449,74,42.097,-79.2353,35.01,9.82
Thinadhoo,74,MV,1615717449,66,0.5333,72.9333,84.4,7.9
Bluff,96,NZ,1615717449,60,-46.6,168.3333,64.99,8.01
St. George's,97,GD,1615717450,84,12.0564,-61.7485,76.03,9.08
Odoyev,100,RU,1615717450,99,53.9393,36.6864,34.43,15.48
Tiksi,97,RU,1615717450,86,71.6872,128.8694,-0.31,5.79
Lompoc,90,US,1615717450,76,34.6391,-120.4579,50.0,4.61
Khatanga,100,RU,1615717451,91,71.9667,102.5,-16.51,10.33
Amga,87,RU,1615717451,87,60.8953,131.9608,13.44,1.07
Makamba,18,BI,1615717451,66,-4.1348,29.804,75.29,5.79
Castro,3,BR,1615717451,94,-24.7911,-50.0119,62.53,1.77
Dongsheng,100,CN,1615717452,28,39.8161,109.9776,58.91,8.63
Tiarei,0,PF,1615717452,78,-17.5333,-149.3333,80.01,3.44
Hilo,90,US,1615717452,88,19.7297,-155.09,69.8,1.41
Mataura,53,NZ,1615717452,60,-46.1927,168.8643,64.99,8.01
Yangi Marg`ilon,75,UZ,1615717452,42,40.4272,71.7189,42.8,16.11
Nakhon Thai,40,TH,1615717453,48,17.1006,100.8374,91.4,2.3
Itoman,75,JP,1615717182,64,26.1247,127.6694,69.01,10.36
Kavala,75,GR,1615717453,72,40.9397,24.4019,59.0,3.4
Tānsen,16,NP,1615717453,19,27.8673,83.5467,78.69,8.34
Andenes,75,NO,1615717454,87,69.3143,16.1194,37.4,7.65
Bilibino,100,RU,1615717454,99,68.0546,166.4372,-11.2,4.0
Nemuro,75,JP,1615717454,87,43.3236,145.575,39.2,12.66
Airai,100,TL,1615717454,97,-8.9266,125.4092,63.5,0.67
Port-Cartier,75,CA,1615717455,51,50.0334,-66.8654,6.01,12.66
Vardø,75,NO,1615717455,86,70.3705,31.1107,24.8,6.91
Guerrero Negro,11,MX,1615717455,80,27.9769,-114.0611,53.89,13.78
Lorengau,56,PG,1615717455,72,-2.0226,147.2712,81.93,1.32
Katsuura,20,JP,1615717456,30,35.1333,140.3,54.0,18.41
Portland,40,US,1615717287,76,45.5234,-122.6762,45.0,9.22
Cangzhou,100,CN,1615717230,54,38.3167,116.8667,61.38,7.25
Aurās,1,IN,1615717456,33,26.9167,80.5167,87.8,13.8
Seoul,9,KR,1615717166,76,37.5683,126.9778,51.8,2.3
Yellowknife,90,CA,1615717457,85,62.456,-114.3525,3.2,11.5
Kavieng,4,PG,1615717457,67,-2.5744,150.7967,82.81,1.28
Hasaki,20,JP,1615717458,43,35.7333,140.8333,51.8,11.5
Saint-Philippe,90,RE,1615717458,70,-21.3585,55.7679,84.2,23.02
Dikson,100,RU,1615717458,93,73.5069,80.5464,-20.52,16.96
Khovd,0,MN,1615717458,25,48.0056,91.6419,22.59,10.36
Sechura,93,PE,1615717458,76,-5.5569,-80.8222,74.89,9.69
Alpena,1,US,1615717459,64,45.0617,-83.4327,33.8,5.75
Le Port,75,RE,1615717459,66,-20.9373,55.2919,86.0,17.27
Laguna,1,US,1615717459,71,38.421,-121.4238,46.4,10.36
Codrington,50,AU,1615717460,71,-38.2667,141.9667,54.37,8.19
Mercedes,11,AR,1615717460,97,-34.6515,-59.4307,59.0,6.87
Tuatapere,100,NZ,1615717460,60,-46.1333,167.6833,64.99,8.01
Pishin,0,PK,1615717460,19,30.5803,66.9961,69.04,14.97
Hangu,90,CN,1615717460,54,39.2489,117.7892,57.2,8.95
Itarema,44,BR,1615717461,86,-2.9248,-39.9167,77.5,6.55
Port Alfred,15,ZA,1615717461,76,-33.5906,26.891,78.01,5.99
Arraial do Cabo,20,BR,1615717461,88,-22.9661,-42.0278,77.0,5.75
Nikolskoye,90,RU,1615717461,75,59.7035,30.7861,37.99,13.42
Zhigansk,100,RU,1615717462,90,66.7697,123.3711,5.77,11.68
Kimbe,96,PG,1615717463,82,-5.5502,150.1429,78.48,1.34
Port Lincoln,2,AU,1615717463,63,-34.7333,135.8667,58.59,9.98
Hobart,75,AU,1615717273,44,-42.8794,147.3294,59.0,14.97
Cherskiy,100,RU,1615717463,98,68.75,161.3,-6.32,10.22
Taoudenni,0,ML,1615717464,26,22.6783,-3.9836,79.59,15.52
Chui,0,UY,1615717465,86,-33.6971,-53.4616,57.85,4.99
Lødingen,75,NO,1615717466,93,68.414,15.9951,36.0,4.61
Upernavik,100,GL,1615717466,96,72.7868,-56.1549,-1.08,3.58
Ambilobe,32,MG,1615717466,68,-13.2,49.05,87.15,5.14
Adrar,7,MR,1615717189,27,20.5022,-10.0711,77.04,15.05
Makakilo City,40,US,1615717467,73,21.3469,-158.0858,71.6,8.05
São Félix do Xingu,83,BR,1615717467,99,-6.6447,-51.995,69.48,0.67
Mayo,1,US,1615717468,33,38.8876,-76.5119,45.0,4.61
Yumen,1,CN,1615717468,7,40.2833,97.2,68.38,8.52
Torbay,90,CA,1615717468,93,47.6666,-52.7314,27.0,16.11
Souillac,75,MU,1615717468,89,-20.5167,57.5167,80.6,6.91
Gornopravdinsk,98,RU,1615717469,90,60.05,69.9,17.42,11.03
São Filipe,0,CV,1615717469,64,14.8961,-24.4956,72.63,3.94
Norman Wells,75,CA,1615717469,77,65.282,-126.8329,-4.0,2.3
Vostok,12,RU,1615717469,89,46.4856,135.8833,26.96,2.24
Saint George,1,US,1615717469,81,37.1041,-113.5841,41.0,5.46
Karaman Province,54,TR,1615717470,50,37.0833,33.25,52.27,15.84
Salalah,0,OM,1615717470,51,17.0151,54.0924,84.2,11.5
Kahului,90,US,1615717470,83,20.8947,-156.47,69.8,6.91
Shimoda,0,JP,1615717291,64,34.6667,138.95,50.0,1.99
Bertoua,85,CM,1615717471,45,4.5833,13.6833,89.26,4.5
Ribeira Grande,40,PT,1615717471,94,38.5167,-28.7,62.6,17.27
Chokurdakh,0,RU,1615717471,84,70.6333,147.9167,-17.28,3.56
Abashiri,75,JP,1615717280,80,44.0213,144.2697,34.0,9.22
Porto-Novo,75,BJ,1615717472,94,6.4965,2.6036,80.6,8.05
Arlit,29,NE,1615717472,9,18.7369,7.3853,86.7,9.73
Kuching,40,MY,1615717248,83,1.55,110.3333,82.4,6.91
Auka,6,HN,1615717473,96,14.9333,-83.8333,69.12,2.26
Carnarvon,37,AU,1615717473,58,-24.8667,113.6333,89.6,11.5
Vrangel',57,RU,1615717473,61,42.7297,133.0839,41.09,5.23
Hithadhoo,82,MV,1615717474,64,-0.6,73.0833,84.33,8.05
Stornoway,40,GB,1615717474,71,58.2093,-6.3865,46.4,12.66
Korla,97,CN,1615717475,18,41.7597,86.1469,67.24,3.85
Vigrestad,100,NO,1615717475,95,58.5667,5.7,42.01,1.01
Butaritari,95,KI,1615717475,81,3.0707,172.7902,81.18,14.63
Santa Barbara,90,US,1615717475,81,34.7333,-120.0343,48.0,4.61
Robertsport,93,LR,1615717475,76,6.7533,-11.3686,81.12,7.09
Kichera,97,RU,1615717476,77,55.9375,110.0997,10.81,7.58
Kisaran,48,ID,1615717476,63,2.9845,99.6158,85.42,5.82
Kaitangata,58,NZ,1615717477,92,-46.2817,169.8464,59.0,4.0
Yinchuan,25,CN,1615717477,9,38.4681,106.2731,68.72,7.47
Gijang,0,KR,1615717477,62,35.2442,129.2139,55.4,8.05
San Cristobal,97,VE,1615717464,91,7.7669,-72.225,63.82,2.93
Ciudad del Maíz,51,MX,1615717478,95,22.4,-99.6,59.95,1.59
Iqaluit,40,CA,1615717202,63,63.7506,-68.5145,-22.0,11.5
Marrakesh,0,MA,1615717478,56,31.6315,-8.0083,68.0,3.44
Biak,15,ID,1615717478,79,-0.9131,122.8766,79.84,3.18
Vila Velha,0,BR,1615717479,88,-20.3297,-40.2925,72.0,2.3
Nuuk,100,GL,1615717479,73,64.1835,-51.7216,15.8,13.8
Chapais,90,CA,1615717479,85,49.7834,-74.8492,8.6,10.36
Guaíra,43,BR,1615717479,91,-20.3183,-48.3106,69.03,4.34
Grindavik,0,IS,1615717479,69,63.8424,-22.4338,28.4,4.61
Sedona,90,US,1615717480,100,34.8697,-111.761,32.0,0.07
Port Elizabeth,0,ZA,1615717289,69,-33.918,25.5701,75.2,13.8
Mahébourg,75,MU,1615717480,89,-20.4081,57.7,80.6,6.91
Rocha,0,UY,1615717480,86,-34.4833,-54.3333,56.12,2.93
Noumea,0,NC,1615717417,69,-22.2763,166.4572,77.0,3.44
Itaituba,100,BR,1615717481,98,-4.2761,-55.9836,70.57,1.03
Gorno-Altaysk,82,RU,1615717482,83,51.9561,85.955,17.4,4.47
Menongue,7,AO,1615717482,52,-14.6585,17.691,80.96,6.26
Maţāy,91,EG,1615717482,15,28.419,30.7792,79.48,10.65
Kasongo-Lunda,100,CD,1615717483,57,-6.4667,16.8167,89.53,1.34
Srednekolymsk,0,RU,1615717483,99,67.45,153.6833,-20.63,1.83
Destin,90,US,1615717484,94,30.3935,-86.4958,60.8,3.22
Flinders,100,AU,1615717484,75,-34.5833,150.8552,62.01,5.01
Kralendijk,97,BQ,1615717484,83,12.15,-68.2667,77.0,8.05
Qaanaaq,100,GL,1615717484,66,77.484,-69.3632,-3.64,5.68
São Miguel do Araguaia,100,BR,1615717485,93,-13.275,-50.1628,71.11,2.51
Changtu,93,CN,1615717485,47,42.7788,124.0955,49.57,10.42
Marneuli,75,GE,1615717485,60,41.4759,44.8089,39.2,5.75
Wuchang,6,CN,1615717485,76,44.9143,127.15,37.44,7.76
Clyde River,90,CA,1615717486,77,70.4692,-68.5914,-7.6,19.57
Malakal,51,SS,1615717486,16,9.5334,31.6605,109.13,3.91
Sol'tsy,100,RU,1615717486,97,58.1239,30.3238,35.62,10.04
Poum,85,NC,1615717486,73,-20.2333,164.0167,79.95,14.52
Cap Malheureux,97,MU,1615717487,82,-19.9842,57.6142,80.01,7.0
Aswān,0,EG,1615717487,9,24.0934,32.907,87.37,9.4
Thunder Bay,1,CA,1615717487,54,48.4001,-89.3168,26.6,5.75
Baruun-Urt,100,MN,1615717487,22,46.6806,113.2792,53.58,26.13
Shingū,40,JP,1615717392,58,33.7333,135.9833,51.8,9.22
Esperance,0,AU,1615717488,59,-33.8667,121.9,62.6,18.41
Boca do Acre,100,BR,1615717488,97,-8.7522,-67.3978,70.32,1.39
Sur,0,OM,1615717488,47,22.5667,59.5289,84.56,9.98
Ilulissat,90,GL,1615717490,56,69.2167,-51.1,10.4,13.8
Monywa,17,MM,1615717490,12,22.1167,95.1333,101.21,5.93
Punta Cardon,51,VE,1615717490,83,11.6581,-70.215,75.79,12.86
Nelson Bay,75,AU,1615717491,82,-32.7167,152.15,66.2,14.97
Verkhoyansk,91,RU,1615717202,98,67.5447,133.385,-8.39,2.84
Alekseyevsk,100,RU,1615717492,85,57.8406,108.3492,12.0,9.13
Pisco,75,PE,1615717492,88,-13.7,-76.2167,69.8,1.14
Athabasca,66,CA,1615717492,60,54.7169,-113.2854,39.2,6.91
Kipini,20,KE,1615717492,55,-2.5257,40.5262,87.8,11.5
La Ligua,75,CL,1615717493,88,-32.4524,-71.2311,59.0,4.61
Ust-Tsilma,100,RU,1615717493,92,65.441,52.1498,25.66,9.62
Aklavik,29,CA,1615717493,84,68.2191,-135.0107,-14.8,6.91
Faanui,6,PF,1615717493,75,-16.4833,-151.75,82.56,11.83
Antofagasta,0,CL,1615717494,88,-23.65,-70.4,64.4,2.3
Lanxi,49,CN,1615717494,76,29.2195,119.477,64.49,3.18
Quatre Cocos,75,MU,1615717495,89,-20.2078,57.7625,80.6,6.91
East London,20,ZA,1615717201,73,-33.0153,27.9116,78.8,18.41
Lagoa,100,PT,1615717495,84,39.05,-27.9833,61.14,30.94
Ahipara,1,NZ,1615717495,87,-35.1667,173.1667,60.84,0.51
Oskemen,90,KZ,1615717496,71,49.9565,82.6119,1.4,3.13
Laas,90,IT,1615717497,69,46.6166,10.7002,48.2,9.22
Longyearbyen,75,SJ,1615717497,55,78.2186,15.6401,3.2,17.27
Saint-Joseph,90,RE,1615717497,70,-21.3667,55.6167,84.2,23.02
Denpasar,40,ID,1615717281,70,-8.65,115.2167,86.0,8.05
Mossamedes,40,AO,1615717497,69,-15.1961,12.1522,78.8,11.5
Nadterechnoye,0,RU,1615717498,80,43.6227,45.3397,33.8,6.71
Caravelas,13,BR,1615717498,86,-17.7125,-39.2481,75.38,2.1
Coxim,69,BR,1615717499,86,-18.5067,-54.76,71.58,3.67
Kampong Chhnang,8,KH,1615717499,23,12.1667,104.55,96.93,5.17
Bengkulu,94,ID,1615717240,72,-3.8004,102.2655,83.64,6.76
Klaksvík,75,FO,1615717499,81,62.2266,-6.589,42.8,13.8
Owando,98,CG,1615717500,78,-0.4819,15.8999,81.14,5.3
Kirakira,100,SB,1615717500,86,-10.4544,161.9205,78.03,2.91
Morondava,0,MG,1615717500,64,-20.2833,44.2833,85.93,7.83
Edd,0,ER,1615717500,38,13.9297,41.6925,92.41,17.31
Coquimbo,90,CL,1615717501,82,-29.9533,-71.3436,60.8,2.3
Tromsø,75,NO,1615717501,87,69.6496,18.957,36.0,8.05
Kiunga,100,PG,1615717501,98,-6.1219,141.2906,73.9,3.33
Bam,64,IR,1615717502,24,29.106,58.357,63.52,9.22
Gurupá,97,BR,1615717502,98,-1.405,-51.64,72.19,2.06
Acaraú,54,BR,1615717502,86,-2.8856,-40.12,77.36,7.09
Pascagoula,90,US,1615717502,100,30.3658,-88.5561,66.2,7.45
El Salvador,20,SV,1615717503,88,13.8333,-88.9167,73.4,3.44
Kenai,1,US,1615717503,84,60.5544,-151.2583,7.0,3.53
Vila Franca do Campo,40,PT,1615717503,94,37.7167,-25.4333,60.8,16.11
Shetpe,26,KZ,1615717503,37,44.1667,52.1167,33.93,9.95
Manihāri,47,IN,1615717503,21,25.35,87.6333,91.65,7.16
Demyansk,100,RU,1615717504,96,57.643,32.466,35.74,12.66
Rio Grande,50,BR,1615717505,76,-32.035,-52.0986,67.87,9.04
Ocampo,0,MX,1615717505,49,21.65,-101.5,46.98,1.01
Natal,20,BR,1615717505,74,-5.795,-35.2094,80.6,4.61
Prymors'k,83,UA,1615717505,69,46.7348,36.3443,41.86,11.74
Juneau,90,US,1615717505,54,58.3019,-134.4197,23.0,6.78
Olafsvik,100,IS,1615717506,79,64.8945,-23.7142,33.44,16.06
Louny,6,CZ,1615717506,58,50.357,13.7967,45.0,32.99
Geraldton,40,AU,1615717506,45,-28.7667,114.6,84.2,16.11
Yerbogachën,100,RU,1615717506,78,61.2767,108.0108,5.5,13.51
Jijiga,69,ET,1615717507,15,9.35,42.8,83.57,4.18
Constitución,1,CL,1615717507,91,-35.3333,-72.4167,54.27,3.0
Ponta do Sol,40,PT,1615717507,72,32.6667,-17.1,62.01,13.8
Bol'shoye Selo,100,RU,1615717507,98,57.7177,38.9334,32.77,9.44
Bodden Town,0,KY,1615717508,1,19.2833,-81.25,77.0,18.01
Dubbo,40,AU,1615717508,67,-32.25,148.6167,62.6,6.91
Bom Jesus,6,BR,1615717508,89,-9.0744,-44.3586,71.83,1.92
Saldanha,79,ZA,1615717508,60,-33.0117,17.9442,71.6,11.5
Petropavlovsk-Kamchatskiy,2,RU,1615717509,50,53.0452,158.6483,24.8,11.18
Cobija,93,BO,1615717509,99,-11.0267,-68.7692,69.33,2.04
Abu Kamal,0,SY,1615717509,20,34.4506,40.9171,66.61,3.2
Isugod,99,PH,1615717509,82,9.3408,118.1196,79.81,4.27
Anchorage,1,US,1615717510,71,61.2181,-149.9003,8.01,2.66
Gaogou,0,CN,1615717510,73,34.0175,119.1886,57.51,7.43
Muisne,91,EC,1615717510,91,0.6,-80.0333,74.61,3.91
Mana,100,GF,1615717510,95,5.6592,-53.7767,74.7,8.81
Lüderitz,54,NA,1615717511,61,-26.6481,15.1594,73.58,16.62
Muhos,90,FI,1615717511,75,64.808,25.9931,35.6,3.44
Nanortalik,100,GL,1615717511,76,60.1432,-45.2371,30.2,8.52
Bac Lieu,8,VN,1615717296,66,9.285,105.7244,81.82,18.75
Kismayo,26,SO,1615717512,59,-0.3582,42.5454,84.74,10.25
Safi,100,MA,1615717512,64,32.2994,-9.2372,61.86,15.46
Arrondissement de Bourg-en-Bresse,99,FR,1615717513,81,46.1667,5.1667,44.01,3.0
Sørland,75,NO,1615717513,93,67.667,12.6934,41.0,9.22
Koungou,75,YT,1615717513,83,-12.7336,45.2042,78.8,10.36
Ostrovnoy,100,RU,1615717514,90,68.0531,39.5131,21.49,13.71
Corn Island,17,NI,1615717514,77,12.1694,-83.0418,78.82,17.78
Vestmannaeyjar,0,IS,1615717514,80,63.4427,-20.2734,32.0,2.3
Hobyo,63,SO,1615717514,65,5.3505,48.5268,84.79,16.51
Liverpool,75,GB,1615717514,87,53.4106,-2.9779,46.4,23.02
Byron Bay,42,AU,1615717369,83,-28.65,153.6167,77.0,12.66
Pevek,100,RU,1615717515,96,69.7008,170.3133,-4.32,6.17
Verkhnevilyuysk,100,RU,1615717515,91,63.4453,120.3167,13.23,7.29
Craig,90,US,1615717515,93,40.5153,-107.5464,30.2,3.44
Lebanon,90,US,1615717478,82,36.2081,-86.2911,52.0,5.64
Robertson,90,US,1615717516,62,36.5167,-86.8667,51.01,7.54
Namwala,42,ZM,1615717516,71,-15.7504,26.4384,76.46,7.99
Quang Ngai,11,VN,1615717296,77,15.1167,108.8,77.68,6.06
Mitzic,64,GA,1615717516,60,0.7821,11.549,83.8,4.56
Pemangkat,100,ID,1615717517,82,1.1667,108.9667,80.85,8.93
Greenville,1,US,1615717517,81,35.6127,-77.3663,46.4,5.06
Saint-Pierre,90,RE,1615717517,70,-21.3393,55.4781,84.2,23.02
Grand Forks,1,US,1615717517,86,47.9417,-97.4337,19.4,5.75
Karratha,100,AU,1615717518,62,-20.7377,116.8463,86.54,15.77
Fort Nelson,90,CA,1615717518,77,58.8053,-122.7002,-4.0,11.5
Gaoual,63,GN,1615717518,37,11.75,-13.2,90.03,1.36
Mar del Plata,0,AR,1615717518,82,-38.0023,-57.5575,64.99,5.75
Beloha,0,MG,1615717518,41,-25.1667,45.05,89.64,15.23
Tilichiki,84,RU,1615717519,87,60.4667,166.1,-2.52,9.4
Tautira,0,PF,1615717519,78,-17.7333,-149.15,80.01,3.44
Hamilton,1,US,1615717519,93,39.1834,-84.5333,37.0,1.19
Santiago del Estero,100,AR,1615717519,65,-27.7951,-64.2615,69.58,6.29
Lixouri,40,GR,1615717520,63,38.2019,20.4314,62.6,6.91
Bay Roberts,90,CA,1615717520,93,47.5999,-53.2648,26.6,19.57
Bethel,90,US,1615717521,33,41.3712,-73.414,39.2,8.05
Alta Floresta,100,BR,1615717521,97,-9.8756,-56.0861,69.64,0.56
Thompson,20,CA,1615717521,71,55.7435,-97.8558,-7.6,3.44
Burnie,54,AU,1615717522,77,-41.0667,145.9167,51.01,1.99
Waipawa,20,NZ,1615717522,77,-41.4122,175.5153,62.01,21.85
Kholm-Zhirkovskiy,100,RU,1615717522,99,55.5189,33.4731,35.71,12.33
Vysokogornyy,2,RU,1615717522,88,50.1167,139.15,27.68,3.96
Lakes Entrance,3,AU,1615717523,76,-37.8811,147.981,54.0,2.77
Bathsheba,40,BB,1615717523,73,13.2167,-59.5167,77.0,12.66
San Patricio,90,US,1615717523,94,28.017,-97.5169,73.4,25.32
Bubaque,80,GW,1615717523,57,11.2833,-15.8333,78.01,6.22
Ambon City,75,ID,1615717524,94,-3.6954,128.1814,75.2,6.91
Westport,90,US,1615717524,60,41.1415,-73.3579,39.99,3.44
Bekhtery,75,UA,1615717524,66,46.251,32.2927,48.2,13.42
Amahai,76,ID,1615717524,86,-3.3333,128.9167,81.0,3.0
Fairlie,75,GB,1615717525,81,55.756,-4.8556,45.0,16.11
Presidencia Roque Sáenz Peña,50,AR,1615717525,68,-26.7852,-60.4388,69.01,1.01
Gondanglegi,96,ID,1615717525,86,-7.7479,112.0132,81.48,1.5
Hendek,0,TR,1615717525,39,40.7994,30.7481,64.4,4.61
Port Blair,3,IN,1615717526,56,11.6667,92.75,87.53,7.27
Qasigiannguit,90,GL,1615717526,56,68.8193,-51.1922,10.4,13.8
Ixtapa,0,MX,1615717526,85,20.7,-105.2,66.0,1.88
Voh,100,NC,1615717527,83,-20.9667,164.7,74.43,5.44
Anori,100,BR,1615717528,98,-3.7728,-61.6442,70.84,3.22
Belmonte,75,BR,1615717528,88,-15.8631,-38.8828,71.6,5.75
Yakovlevo,75,RU,1615717528,93,50.8603,36.4478,37.4,11.18
Tura,7,IN,1615717528,26,25.5198,90.2201,86.77,7.85
Bridlington,20,GB,1615717528,71,54.0831,-0.1919,48.0,17.27
Nouadhibou,0,MR,1615717331,46,20.931,-17.0347,69.8,12.66
Gweta,15,BW,1615717529,38,-20.1833,25.2333,83.14,8.57
Arrifes,40,PT,1615717529,94,37.7667,-25.7,60.8,16.11
Haines Junction,58,CA,1615717529,70,60.7522,-137.5108,-9.4,1.14
Hokitika,34,NZ,1615717530,86,-42.7167,170.9667,56.16,3.6
Vanimo,73,PG,1615717531,87,-2.6741,141.3028,79.47,7.72
Orlik,49,RU,1615717531,69,52.5178,99.825,1.02,5.48
Teguise,40,ES,1615717531,73,29.0605,-13.564,68.0,12.66
Valle de Allende,94,MX,1615717531,19,26.9333,-105.4,38.93,2.62
Artvin Province,0,TR,1615717532,50,41.1667,41.8333,55.4,9.22
Husavik,90,IS,1615717532,86,66.0449,-17.3389,23.0,6.91
Camapuã,43,BR,1615717532,87,-19.5314,-54.0439,69.53,2.66
Hofn,100,IS,1615717533,95,64.2539,-15.2082,32.41,8.48
Sydney,75,AU,1615717301,82,-33.8679,151.2073,62.6,19.57
Atasū,100,KZ,1615717533,82,48.6814,71.6433,15.35,11.3
Ponta Delgada,40,PT,1615717533,94,37.7333,-25.6667,60.8,16.11
Tegul'det,100,RU,1615717533,89,57.3064,88.1667,11.39,8.97
Meulaboh,77,ID,1615717534,72,4.1363,96.1285,83.25,5.06
Estelle,1,US,1615717534,100,29.8458,-90.1067,68.0,5.75
Cravo Norte,83,CO,1615717534,69,6.3017,-70.2041,77.9,5.7
Porto Belo,40,BR,1615717534,89,-27.1578,-48.5531,78.8,8.05
Bassar,75,TG,1615717535,69,9.25,0.7833,87.8,4.52
Kununurra,87,AU,1615717535,84,-15.7667,128.7333,84.2,8.05
São José da Coroa Grande,95,BR,1615717535,69,-8.8978,-35.1478,79.25,8.59
Gurupi,100,BR,1615717535,95,-11.7292,-49.0686,71.69,2.1
Half Moon Bay,90,US,1615717535,71,37.4636,-122.4286,48.99,5.75
Calvinia,54,ZA,1615717536,29,-31.4707,19.776,84.61,15.1
Lavrentiya,100,RU,1615717536,95,65.5833,-171.0,12.52,11.92
Foam Lake,0,CA,1615717537,69,51.65,-103.5343,32.0,14.97
Vao,56,NC,1615717537,77,-22.6667,167.4833,77.2,20.2
Cayenne,75,GF,1615717537,94,4.9333,-52.3333,75.99,1.14
Buchanan,75,LR,1615717537,94,5.8808,-10.0467,78.8,3.44
Pacific Grove,50,US,1615717538,76,36.6177,-121.9166,48.99,4.12
Pando,0,UY,1615717538,94,-34.7167,-55.95,53.6,3.44
Paita,91,PE,1615717538,76,-5.0892,-81.1144,75.29,9.82
Dwārka,0,IN,1615717538,37,22.2394,68.9678,87.6,10.45
Oistins,40,BB,1615717538,73,13.0667,-59.5333,77.0,12.66
Tianpeng,100,CN,1615717327,1,30.9866,103.9393,66.0,7.25
Hirtshals,75,DK,1615717539,93,57.5881,9.9592,44.01,8.05
Altamira,40,BR,1615717539,100,-3.2033,-52.2064,71.6,0.92
San Jose,90,US,1615717476,66,37.3394,-121.895,48.2,2.13
Puerto Ayacucho,95,VE,1615717540,81,5.6639,-67.6236,74.46,2.35
Abatskiy,16,RU,1615717540,88,56.2875,70.4555,19.27,11.65
Iskateley,96,RU,1615717541,93,67.6803,53.1512,17.94,5.46
Sikasso,36,ML,1615717541,9,10.9167,-7.0,88.18,7.16
Grand Haven,1,US,1615717541,86,43.0631,-86.2284,36.0,8.75
Nabire,99,ID,1615717541,81,-3.3667,135.4833,79.23,1.03
Margate,0,GB,1615717542,60,51.3813,1.3862,48.99,10.0
Lázaro Cárdenas,0,MX,1615717542,82,17.9583,-102.2,69.64,5.08
Garhi Khairo,0,PK,1615717543,11,28.0606,67.9803,98.1,2.3
Ganzhou,48,CN,1615717543,77,28.8184,115.4327,66.83,2.35
Alice Town,72,BS,1615717543,70,25.7167,-79.3,72.37,9.46
Port Augusta,0,AU,1615717543,55,-32.5,137.7667,62.6,14.97
Bhag,0,PK,1615717544,16,29.0415,67.8239,91.9,4.74
Hambantota,40,LK,1615717544,66,6.1241,81.1185,89.6,14.97
Kyzyl-Suu,94,KG,1615717544,57,42.3414,78.0056,48.94,7.78
Adelanto,0,US,1615717544,82,34.5828,-117.4092,41.0,8.01
Triunfo,90,BR,1615717544,100,-29.9433,-51.7181,71.01,2.3
Puerto Colombia,0,CO,1615717545,78,10.9878,-74.9547,76.96,21.47
Nara,20,JP,1615717358,58,34.6851,135.8049,53.6,3.44
Rundu,0,NA,1615717545,43,-17.9333,19.7667,84.83,9.57
Nome,90,US,1615717545,85,64.5011,-165.4064,12.2,25.32
Oranjestad,20,AW,1615717546,78,12.524,-70.027,78.8,11.5
Qingyuan,75,CN,1615717546,69,23.7,113.0333,77.0,4.47
Bilma,3,NE,1615717546,7,18.6853,12.9164,93.27,11.45
Wanaka,97,NZ,1615717546,80,-44.7,169.15,56.19,7.83
Jiayuguan City,2,CN,1615717548,7,39.8167,98.3,67.33,9.64
Plettenberg Bay,99,ZA,1615717548,72,-34.0527,23.3716,72.41,6.53
San Severo,20,IT,1615717548,55,41.6897,15.376,60.8,18.41
Isangel,90,VU,1615717548,94,-19.55,169.2667,75.2,11.36
Bang Sai,20,TH,1615717549,62,14.2124,100.4966,91.0,10.36
Puerto Carreño,93,CO,1615717549,75,6.189,-67.4859,74.26,4.5
Rock Sound,6,BS,1615717549,74,24.9,-76.2,72.23,10.6
Lerwick,75,GB,1615717549,87,60.1545,-1.1494,42.8,35.68
Borogontsy,92,RU,1615717549,92,62.6683,131.1683,7.61,2.66
Macomer,20,IT,1615717550,59,40.262,8.7699,60.8,12.66
Faya,6,SA,1615717550,23,18.3851,42.4509,75.2,12.66
Provideniya,100,RU,1615717550,93,64.3833,-173.3,17.22,11.14
Chilliwack,96,CA,1615717550,61,49.1747,-121.9443,46.4,14.97
Grand Gaube,96,MU,1615717551,82,-20.0064,57.6608,80.01,7.0
Gold Coast,75,AU,1615717264,78,-28.0,153.4333,79.0,14.97
La Grande,46,US,1615717552,83,45.3246,-118.0877,36.0,3.89
Micheweni,0,TZ,1615717552,56,-4.9667,39.8333,87.69,0.83
Kabanjahe,40,ID,1615717552,74,3.1001,98.4908,86.0,11.5
Sarankhola,0,BD,1615717552,19,22.3082,89.7897,94.89,10.96
Guane,6,CU,1615717553,91,22.2025,-84.0875,65.89,8.37
Strezhevoy,0,RU,1615717553,43,60.7333,77.5889,26.6,8.95
Yumbe,38,UG,1615717553,21,3.4651,31.2469,94.93,5.59
Havre-St-Pierre,20,CA,1615717553,55,50.2334,-63.5986,3.2,11.5
Tonkino,100,RU,1615717554,90,57.3726,46.4629,26.38,12.68
Berlevåg,82,NO,1615717554,79,70.8578,29.0864,27.3,7.87
Sitka,40,US,1615717554,63,57.0531,-135.33,26.6,6.91
Hamamatsu,0,JP,1615717420,43,34.7,137.7333,54.0,17.0
Fatick,0,SN,1615717554,29,14.3581,-16.5858,80.6,4.61
Labuhan,42,ID,1615717555,77,-6.8844,112.2051,82.71,8.57
Broome,75,US,1615717555,60,42.2506,-75.833,36.0,8.05
Warmbad,0,NA,1615717555,26,-28.45,18.7333,93.76,17.65
Buin,36,CL,1615717556,87,-33.7333,-70.75,63.0,4.61
Grodzisk Mazowiecki,87,PL,1615717556,99,52.1039,20.6337,48.99,21.5
Elmadağ,40,TR,1615717556,32,39.9208,33.2308,53.6,4.61
Sangar,100,RU,1615717556,94,63.9242,127.4739,8.11,2.59
Kokkola,90,FI,1615717557,93,63.8385,23.1307,37.0,2.3
Bethanien,11,NA,1615717557,17,-26.502,17.1583,88.07,3.49
Tarrafal,0,CV,1615717557,27,15.2833,-23.7667,78.8,12.66
Morón,0,AR,1615717557,66,-34.6534,-58.6198,71.01,6.26
Kalundborg,10,DK,1615717558,84,55.6795,11.0886,44.01,13.0
Bosaso,0,SO,1615717558,78,11.2842,49.1816,80.6,17.27
Jimo,29,CN,1615717558,58,36.3897,120.4622,52.0,13.42
Srandakan,100,ID,1615717558,76,-7.9386,110.2506,82.31,5.32
Goderich,0,CA,1615717558,80,43.7501,-81.7165,33.8,6.91
Hirado,20,JP,1615717504,71,33.3597,129.5531,55.4,10.36
Astorga,0,BR,1615717559,73,-23.2325,-51.6656,73.4,3.44
Port Macquarie,90,AU,1615717559,100,-31.4333,152.9167,66.2,11.5
Namatanai,5,PG,1615717559,73,-3.6667,152.4333,79.77,3.04
Goya,61,AR,1615717560,65,-29.14,-59.2626,69.78,2.68
Kantunilkín,40,MX,1615717560,94,21.0917,-87.45,71.6,4.61
Republic,75,US,1615717560,87,37.12,-93.4802,51.8,14.97
Paraná,10,AR,1615717560,65,-31.732,-60.5238,69.01,1.99
Hong Kong,43,HK,1615717365,76,22.2855,114.1577,72.0,11.92
Halifax,100,CA,1615717472,63,44.6453,-63.5724,26.6,4.61
Wamba,99,NG,1615717561,39,8.9333,8.6,91.78,6.58
College,1,US,1615717561,76,64.8569,-147.8028,-5.8,4.61
Gizo Government Station,22,SB,1615717561,70,-8.103,156.8419,83.39,3.6
Superior,1,US,1615717562,55,46.7208,-92.1041,35.6,6.91
Bowen,51,AU,1615717562,83,-20.0167,148.2333,77.0,9.84
Khorramshahr,0,IR,1615717562,33,30.4397,48.1664,71.6,6.91
Saint Joseph,90,US,1615717563,87,39.7686,-94.8466,46.99,12.66
Rehoboth,64,NA,1615717563,26,-23.3167,17.0833,86.13,9.71
Gillette,90,US,1615717564,87,44.2911,-105.5022,39.99,10.36
Danielskuil,9,ZA,1615717564,25,-28.1887,23.5395,83.61,13.15
Arman',100,RU,1615717564,86,59.7,150.1667,1.27,3.33
Kumul,100,CN,1615717564,21,42.8,93.45,65.53,13.02
Garissa,36,KE,1615717566,37,-0.4536,39.6401,92.12,7.74
Iporá,100,BR,1615717566,91,-16.4419,-51.1178,69.73,1.14
Loíza,40,PR,1615717566,78,18.4313,-65.8802,75.2,5.75
Sungai Raya,64,ID,1615717566,78,0.7,108.9,81.7,7.83
Ittiri,20,IT,1615717567,59,40.5929,8.5684,60.8,12.66
Eyl,0,SO,1615717567,51,7.9803,49.8164,87.03,18.03
Arti,38,RU,1615717567,75,56.4234,58.5328,23.18,15.9
Guiyang,20,CN,1615717492,64,26.5833,106.7167,69.8,13.42
Luanda,40,AO,1615717567,62,-8.8368,13.2343,87.8,8.05
Champerico,8,GT,1615717568,95,14.3,-91.9167,59.0,6.87
Deyang,100,CN,1615717568,1,31.1302,104.382,66.0,6.13
Damietta,40,EG,1615717568,59,31.4165,31.8133,64.4,9.22
Binon-an,36,PH,1615717568,85,11.3947,123.1426,79.36,8.88
Rawson,25,AR,1615717569,67,-43.3002,-65.1023,58.1,8.63
Ormara,100,PK,1615717569,57,25.2088,64.6357,78.13,13.24
Bondo,75,CD,1615717569,38,3.8146,23.6866,94.8,3.6
Zonguldak,4,TR,1615717569,42,41.25,31.8333,58.46,3.18
Bedēsa,5,ET,1615717570,23,8.9,40.7833,82.18,8.77
Rizhao,3,CN,1615717359,73,35.4275,119.4553,49.03,10.25
Tabuk,28,PH,1615717571,90,17.4189,121.4443,73.0,7.67
Boden,90,SE,1615717571,93,65.8252,21.6886,26.6,3.44
Jumla,12,NP,1615717571,36,29.2747,82.1838,62.35,8.21
Nynäshamn,100,SE,1615717572,96,58.9034,17.9479,39.99,3.0
Chimbote,99,PE,1615717572,79,-9.0853,-78.5783,71.56,3.53
Chunhuhub,5,MX,1615717572,99,19.55,-88.6833,64.06,1.21
Anshun,50,CN,1615717533,76,26.25,105.9333,65.08,21.27
Kajaani,90,FI,1615717573,75,64.2273,27.7285,33.8,6.91
Changde,62,CN,1615717573,71,29.0464,111.6783,72.45,6.31
Esim,100,GH,1615717422,87,4.8699,-2.2405,78.91,7.27
Mehamn,61,NO,1615717573,82,71.0357,27.8492,26.73,8.86
Nyagan,100,RU,1615717573,83,62.1406,65.3936,24.13,10.96
Coffs Harbour,75,AU,1615717574,94,-30.3,153.1333,68.0,17.27
Arrondissement d'Arcachon,20,FR,1615717574,62,44.5875,-1.0519,53.6,14.97
Taozhuang,19,CN,1615717574,67,34.85,117.3333,60.19,10.02
Crixás,100,BR,1615717574,93,-14.5489,-49.9692,71.49,1.54
Kinsale,75,IE,1615717575,81,51.7075,-8.5306,48.0,10.36
Nerópolis,75,BR,1615717575,94,-16.4064,-49.2186,69.8,2.3
Zhezkazgan,100,KZ,1615717576,75,47.8043,67.7144,13.41,12.95
High Level,20,CA,1615717576,85,58.5169,-117.136,6.8,11.5
Dīr,97,PK,1615717576,91,35.2058,71.8756,49.91,0.58
Mogadishu,75,SO,1615717576,66,2.0371,45.3438,86.0,12.66
Mormugao,20,IN,1615717577,66,15.4,73.8,87.8,11.5
Honiara,85,SB,1615717577,86,-9.4333,159.95,78.08,1.16
Makkah al Mukarramah,0,SA,1615717577,23,21.4267,39.8261,93.61,10.6
Marzuq,25,YE,1615717577,8,14.4,46.4667,88.21,7.49
Rolla,90,US,1615717577,61,37.9514,-91.7713,48.2,13.8
Calama,0,CL,1615717578,81,-22.4667,-68.9333,50.0,13.8
Tres Arroyos,0,AR,1615717579,61,-38.3739,-60.2798,57.94,3.02
Phuntsholing,53,BT,1615717579,39,26.8516,89.3884,81.68,3.04
Itacoatiara,100,BR,1615717579,96,-3.1431,-58.4442,73.11,0.27
Buala,81,SB,1615717579,75,-8.145,159.5921,79.83,3.27
Tailai,41,CN,1615717580,40,46.3833,123.4,50.86,21.65
Nimāparha,40,IN,1615717580,38,20.0667,86.0167,93.2,4.61
Cockburn Town,0,TC,1615717580,75,21.4612,-71.1419,74.01,15.77
Russell,1,US,1615717580,93,32.3502,-85.1999,59.0,3.44
Dalby,90,AU,1615717580,88,-27.1833,151.2667,71.6,6.91
Whitehorse,90,CA,1615717581,78,60.7161,-135.0538,-2.0,5.75
Cape Canaveral,1,US,1615717581,82,28.4058,-80.6048,63.0,4.61
Sertanópolis,40,BR,1615717581,83,-23.0586,-51.0364,73.4,3.83
Balabac,100,PH,1615717581,79,7.9868,117.0645,80.98,8.34
Khandyga,96,RU,1615717582,95,62.6667,135.6,7.57,2.64
Otane,27,NZ,1615717582,91,-39.8833,176.6333,62.01,1.59
Hermiston,1,US,1615717582,80,45.8404,-119.2895,33.8,3.44
Povenets,100,RU,1615717582,99,62.8487,34.8262,33.22,7.72
Cabo San Lucas,79,MX,1615717582,31,22.8909,-109.9124,55.99,5.88
Rāzole,0,IN,1615717583,36,16.4833,81.8333,96.8,6.91
Bella Union,0,UY,1615717584,84,-30.2752,-57.6007,67.5,7.07
Deputatsky,77,RU,1615717584,86,69.3,139.9,-24.12,1.23
Pangody,75,RU,1615717584,89,65.85,74.4859,14.02,11.59
Matane,100,CA,1615717584,64,48.8286,-67.522,14.0,9.84
Pangai,39,TO,1615717584,68,-19.8,-174.35,80.22,1.92
Kieta,99,PG,1615717585,74,-6.2167,155.6333,79.68,0.74
Boralday,90,KZ,1615717585,93,43.3578,76.8594,30.2,4.47
Poções,69,BR,1615717585,89,-14.5297,-40.3653,65.66,3.56
Santa Rosa,75,PH,1615717585,74,14.3122,121.1114,82.4,4.61
Buarcos,0,PT,1615717586,58,40.166,-8.8768,57.2,12.66
Ojinaga,1,MX,1615717586,30,29.5667,-104.4167,41.0,3.44
Tezu,12,IN,1615717586,29,27.9167,96.1667,87.19,4.7
Uyemskiy,75,RU,1615717586,80,64.4743,40.8524,30.2,4.47
Brae,75,GB,1615717587,87,60.3964,-1.353,42.8,35.68
Bānapur,4,IN,1615717587,48,19.7833,85.1833,86.27,11.65
Pāsighāt,79,IN,1615717587,40,28.0667,95.3333,83.1,3.15
Entre Rios,22,BR,1615717588,76,-11.9419,-38.0844,74.97,4.09
Boa Vista,75,BR,1615717588,88,2.8197,-60.6733,75.2,2.3
Nhulunbuy,72,AU,1615717588,74,-12.2333,136.7667,82.4,5.75
Coahuayana Viejo,0,MX,1615717589,49,18.7333,-103.6833,69.13,3.67
Paamiut,100,GL,1615717589,68,61.994,-49.6678,23.63,4.43
Nanjing,1,CN,1615717589,59,32.0617,118.7778,64.4,8.95
Dafeng,47,CN,1615717589,58,23.4517,108.5881,80.24,10.45
Camacha,75,PT,1615717590,67,33.0833,-16.3333,60.8,13.8
Lazarev,9,RU,1615717590,88,52.225,141.5131,28.67,14.85
Northborough,0,US,1615717590,53,42.3195,-71.6412,34.0,9.46
Moose Factory,90,CA,1615717590,71,51.2585,-80.6094,1.4,12.66
La Crosse,1,US,1615717590,86,43.8014,-91.2396,37.4,3.44
